{"cameraMode":{"drawMode":0,"name":"Shaded","section":"Shading Mode"},"sceneLighting":true,"audioPlay":false,"sceneViewState":{"showFog":false,"showMaterialUpdate":false,"showSkybox":false,"showFlares":true,"showImageEffects":true,"showParticleSystems":false,"showVisualEffectGraphs":true,"m_FxEnabled":true},"in2DMode":false,"pivot":{"x":-2.3608133792877199,"y":6.460000038146973,"z":0.07846736907958985},"rotation":{"x":0.11952783167362213,"y":-0.17799654603004456,"z":0.02178736962378025,"w":0.9765025973320007},"size":10.497889518737793,"orthographic":false}