{"cameraMode":{"drawMode":0,"name":"Shaded","section":"Shading Mode"},"sceneLighting":false,"audioPlay":false,"sceneViewState":{"showFog":true,"showMaterialUpdate":false,"showSkybox":false,"showFlares":true,"showImageEffects":true,"showParticleSystems":true,"showVisualEffectGraphs":true,"m_FxEnabled":true},"in2DMode":false,"pivot":{"x":0.1510351300239563,"y":0.9240989089012146,"z":0.02565624564886093},"rotation":{"x":0.03293965756893158,"y":0.9655254483222961,"z":-0.1527441143989563,"w":0.20821411907672883},"size":1.5653455257415772,"orthographic":true}